Sector,Allocation,Selection,Interaction,Total
HardwarePlus,0.0025332418521693072,0.10098172583154796,0.014446111350938068,0.11796107903465534
Software,0.0025016704774490418,0.0035760535125897025,-0.0053813574220551354,0.0006963665679836084
