SEIndustryGroup,Allocation,Selection,Interaction,Total
HardwarePlus,-0.0016788038919886184,-0.09339549800731833,0.00929483342211148,-0.08577946847719548
Software,-0.0016419377344669035,-0.03223647463283949,-0.0038553678057409255,-0.037733780173047314
