Industry,Benchmark,Original,Optimized
HardwarePlus,0.5037032608750984,0.3037032608750983,0.45370326106968445
Software,0.49629673912490097,0.6962967391249009,0.5462967389303156
